{"cameraMode":{"drawMode":0,"name":"Shaded","section":"Shading Mode"},"sceneLighting":true,"audioPlay":false,"sceneViewState":{"showFog":true,"showMaterialUpdate":false,"showSkybox":true,"showFlares":true,"showImageEffects":true,"showParticleSystems":true},"in2DMode":false,"pivot":{"x":355.0870361328125,"y":-124.63074493408203,"z":-288.11993408203127},"rotation":{"x":-0.027795547619462014,"y":-0.9711123108863831,"z":0.13991020619869233,"w":-0.19219841063022614},"size":533.5565795898438,"orthographic":false}